Device,MAC
AmazonEcho,44:65:0d:56:cc:d3
BelkinMotion,ec:1a:59:83:28:11
BelkinSwitch,ec:1a:59:79:f4:89
BloodPressureMeter,74:6a:89:00:2e:25
Dropcam,30:8c:fb:2f:e4:b2
HPPrinter,70:5a:0f:e4:9b:c0
iHome,74:c6:3b:29:d7:1d
InsteonCam,00:62:6e:51:27:2e
SmartBulb,d0:73:d5:01:83:08
SmokeAlarm,18:b4:30:25:be:e4
WeatherStat,70:ee:50:03:b8:ac
Welcome,70:ee:50:18:34:43
PhotoFrame,e0:76:d0:33:bb:85
SamsungCam,00:16:6c:ab:6b:88
SmartThings,d0:52:a8:00:67:5e
TPCloudCam,f4:f2:6d:93:51:f1
TPSmartPlug,50:c7:bf:00:56:39
TribySpeaker,18:b7:9e:02:20:44
SleepSensor,00:24:e4:20:28:c6
BabyMonitor,00:24:e4:11:18:a8
SmartScale,00:24:e4:1b:6f:96